2017-07-01 00:00:00,1000001+1i
+15m,1000002+0i
+15m,1000000+0i
+15m,1000000+0i
+15m,1000000+0i
+15m,1000000+0i
+15m,1000000+0i
+15m,1000000+0i
+15m,1000000+0i
+15m,1000000+0i
+15m,1000000+0i
+15m,1000000+0i
+15m,1000000+0i
+15m,1000000+0i
+15m,1000000+0i
+15m,1000000+0i
+15m,1000000+0i
+15m,1000000+0i
+15m,1000000+0i
+15m,1000000+0i
+15m,1000000+0i
+15m,1000000+0i
+15m,1000000+0i
+15m,1000000+0i
+15m,1000000+0i
+15m,1000000+0i
+15m,1000000+0i
+15m,1000000+0i
+15m,1000000+0i
+15m,1000000+0i
+15m,1000000+0i
+15m,1000000+0i
+15m,1000000+0i
+15m,1000000+0i
+15m,1000000+0i
+15m,1000000+0i
+15m,1000000+0i
+15m,1000000+0i
+15m,1000000+0i
+15m,1000000+0i
+15m,1000000+0i
+15m,1000000+0i
+15m,1000000+0i
+15m,1000000+0i
+15m,1000000+0i
+15m,1000000+0i
+15m,1000000+0i
+15m,1000000+0i
+15m,1000000+0i
+15m,1000000+0i
+15m,1000000+0i
+15m,1000000+0i
+15m,1000000+0i
+15m,1000000+0i
+15m,1000000+0i
+15m,1000000+0i
+15m,1000000+0i
+15m,1000000+0i
+15m,1000000+0i
+15m,1000000+0i
+15m,1000000+0i
+15m,1000000+0i
+15m,1000000+0i
+15m,1000000+0i
+15m,1000000+0i
+15m,1000000+0i
+15m,1000000+0i
+15m,1000000+0i
+15m,1000000+0i
+15m,1000000+0i
+15m,1000000+0i
+15m,1000000+0i
+15m,1000000+0i
+15m,1000000+0i
+15m,1000000+0i
+15m,1000000+0i
+15m,1000000+0i
+15m,1000000+0i
+15m,1000000+0i
+15m,1000000+0i
+15m,1000000+0i
+15m,1000000+0i
+15m,1000000+0i
+15m,1000000+0i
+15m,1000000+0i
+15m,1000000+0i
+15m,1000000+0i
+15m,1000000+0i
+15m,1000000+0i
+15m,1000000+0i
+15m,1000000+0i
+15m,1000000+0i
+15m,1000000+0i
+15m,1000000+0i
+15m,1000000+0i
+15m,1000000+0i